<sequence xmlns="http://ws.apache.org/ns/synapse" name="routeRequest" trace="disable">
    <log level="full">
        <property name="IN_MESSAGE" value="IN_MESSAGE"/>
    </log>
    <property expression="get-property('MessageID')" name="msgID" scope="default" type="STRING"/>
    <property expression="get-property('axis2', 'REST_URL_POSTFIX')" name="Resource" scope="default" type="STRING"/>
    <property expression="get-property('axis2', 'HTTP_METHOD')" name="Http_Method" scope="default" type="STRING"/>
    <log level="custom">
        <property expression="get-property('transport', 'Host')" name="Host"/>
        <property expression="get-property('To')" name="Context"/>
        <property expression="get-property('Http_Method')" name="Http_Method"/>
        <property expression="get-property('Resource')" name="Resource"/>
        <property expression="get-property('transport', 'Origin')" name="Origin"/>
        <property expression="get-property('transport', 'Content-Type')" name="Content-Type"/>
        <property expression="get-property('msgID')" name="Message_Id"/>
    </log>
    <switch description="" source="get-property('Resource')">
        <case regex="/([r|R][e|E][s|S][e|E][r|R][v|V][a|A][s|S]).*">
            <log level="custom">
                <property expression=" fn:concat('Routing to /reservas - ', get-property('Resource'))" name="message"/>
            </log>
            <filter regex="[g|G][e|E][t|T]" source="get-property('Http_Method')">
                <then>
                    <log level="custom">
                        <property name="message" value=" GET "/>
                    </log>
                    <filter regex="/([r|R][e|E][s|S][e|E][r|R][v|V][a|A][s|S])/[c|C][o|O][m|M][m|M][a|A][n|N][d|D][s|S].*" source="get-property('Resource')">
                        <then>
                            <log level="custom">
                                <property expression=" fn:concat('Routing to /reservas/commands - ', get-property('Resource'))" name="message"/>
                                <property name="microservice" value="Routing to GestaoReservasCommand "/>
                            </log>
                            <property name="service_ep" scope="default" type="STRING" value="http://localhost:5000"/>
                        </then>
                        <else>
                            <log level="custom">
                                <property expression=" fn:concat('Routing to /reservas/ - ', get-property('Resource'))" name="message"/>
                                <property name="microservice" value="Routing to GestaoReservasQuery "/>
                            </log>
                            <property name="service_ep" scope="default" type="STRING" value="http://localhost:5004"/>
                        </else>
                    </filter>
                </then>
                <else>
                    <log level="custom">
                        <property name="message" value=" NOT GET "/>
                        <property name="microservice" value="Routing to GestaoReservasCommand "/>
                    </log>
                    <property name="service_ep" scope="default" type="STRING" value="http://localhost:5000"/>
                </else>
            </filter>
        </case>
        <case regex="/([e|E][m|M][p|P][r|R][e|E][s|S][t|T][i|I][m|M][o|O][s|S]).*">
            <log level="custom">
                <property expression=" fn:concat('Routing to /emprestimos - ', get-property('Resource'))" name="message"/>
            </log>
            <filter regex="[g|G][e|E][t|T]" source="get-property('Http_Method')">
                <then>
                    <log level="custom">
                        <property name="message" value=" GET "/>
                    </log>
                    <filter regex="/([e|E][m|M][p|P][r|R][e|E][s|S][t|T][i|I][m|M][o|O][s|S])/[c|C][o|O][m|M][m|M][a|A][n|N][d|D][s|S].*" source="get-property('Resource')">
                        <then>
                            <log level="custom">
                                <property name="microservice" value="Routing to GestaoEmprestimosCommand "/>
                            </log>
                            <property name="service_ep" scope="default" type="STRING" value="http://localhost:5002"/>
                        </then>
                        <else>
                            <log level="custom">
                                <property name="microservice" value="Routing to GestaoEmprestimosQuery "/>
                            </log>
                            <property name="service_ep" scope="default" type="STRING" value="http://localhost:5004"/>
                        </else>
                    </filter>
                </then>
                <else>
                    <log level="custom">
                        <property name="message" value=" NOT GET "/>
                        <property name="microservice" value="Routing to GestaoEmprestimosCommand "/>
                    </log>
                    <property name="service_ep" scope="default" type="STRING" value="http://localhost:5002"/>
                </else>
            </filter>
            <property name="service_ep" scope="default" type="STRING" value="http://localhost:3001"/>
        </case>
        <case regex="/([u|U][t|T][e|E][n|N][t|T][e|E][s|S]).*">
            <log level="custom">
                <property expression=" fn:concat('Routing to /utentes - ', get-property('Resource'))" name="message"/>
            </log>
            <filter regex="[g|G][e|E][t|T]" source="get-property('Http_Method')">
                <then>
                    <log level="custom">
                        <property name="message" value=" GET "/>
                    </log>
                    <filter regex="/([r|R][e|E][s|S][e|E][r|R][v|V][a|A][s|S])/[c|C][o|O][m|M][m|M][a|A][n|N][d|D][s|S].*" source="get-property('Resource')">
                        <then>
                            <log level="custom">
                                <property expression=" fn:concat('Routing to /reservas/commands - ', get-property('Resource'))" name="message"/>
                                <property name="microservice" value="Routing to GestaoUtentesCommand "/>
                            </log>
                            <property name="service_ep" scope="default" type="STRING" value="http://localhost:4000"/>
                        </then>
                        <else>
                            <log level="custom">
                                <property expression=" fn:concat('Routing to /reservas/ - ', get-property('Resource'))" name="message"/>
                                <property name="microservice" value="Routing to GestaoUtentesQuery "/>
                            </log>
                            <property name="service_ep" scope="default" type="STRING" value="http://localhost:4001"/>
                        </else>
                    </filter>
                </then>
                <else>
                    <log level="custom">
                        <property name="message" value=" NOT GET "/>
                        <property name="microservice" value="Routing to GestaoUtentesCommand "/>
                    </log>
                    <property name="service_ep" scope="default" type="STRING" value="http://localhost:4000"/>
                </else>
            </filter>
        </case>
        <default>
            <log level="custom">
                <property expression=" fn:concat('Routing to default - ', get-property('Resource'))" name="message"/>
                <property name="service_ep" value="http://some.default.url"/>
            </log>
        </default>
    </switch>
    <log level="custom">
        <property expression=" fn:concat('Now it is Routing to ', get-property('service_ep'))" name="service_ep"/>
    </log>
    <header expression="get-property('service_ep')" name="To" scope="default"/>
    <property expression="get-property('service_ep')" name="ENDPOINT_ADDRESS" scope="default" type="STRING"/>
    <!--Please note that "ENDPOINT_ADDRESS" (additional) property is defined 
		here in order to populate destination address for statistics (API Usage by 
		Destination). -->
    <log level="custom">
        <property expression=" fn:concat('Now it is Routing to ', get-property('ENDPOINT_ADDRESS'))" name="ENDPOINT_ADDRESS"/>
    </log>
</sequence>